,pulsetiming,x,y,z
0,4.023434721999999,0.537058,4.005096,1.382018
1,4.0679416669999995,0.527554,3.999109,1.356992
2,4.100038889,0.518557,3.996239,1.343774
3,4.138997222,0.507504,3.99921,1.336645
4,4.178090972,0.506594,4.006392,1.339795
5,4.213382638999999,0.511331,4.008152,1.34444
6,4.257903471999999,0.521639,4.000925,1.347636
7,4.301059722,0.526776,3.993273,1.339024
8,4.343674305999999,0.531763,3.986272,1.31939
9,4.436288889,0.524041,3.950578,1.211167
