,pulsetiming,x,y,z
0,4.9357,0.645248,3.072848,0.896596
1,4.9757,0.656068,2.948592,0.888644
2,5.0557,0.704385,2.687462,0.893056
3,5.153136,0.792656,2.349844,0.944623
4,5.201966,0.840804,2.183695,0.992053
5,5.2557,0.888976,2.024897,1.053975
6,5.337146,0.963974,1.797447,1.180288
7,5.403604,1.026585,1.636271,1.311829
8,5.460164,1.078389,1.532082,1.433214
9,5.5157,1.121004,1.470295,1.535658
